,elevation nodes,vegetation
0,"(0.1, 0.44)","(0.1, 0.28)"
1,"(0.1, 0.44)","(0.1, 0.28)"
2,"(0.1, 0.44)","(0.1, 0.28)"
3,"(0.1, 0.44)","(0.1, 0.28)"
4,"(0.1, 0.44)","(0.1, 0.28)"
5,"(0.1, 0.44)","(0.1, 0.28)"
6,"(0.1, 0.44)","(0.1, 0.28)"
7,"(0.1, 0.44)","(0.1, 0.28)"
8,"(0.1, 0.44)","(0.1, 0.28)"
9,"(0.1, 0.44)","(0.1, 0.28)"
10,"(0.1, 0.44)","(0.1, 0.28)"
11,"(0.1, 0.44)","(0.1, 0.28)"
12,"(0.1, 0.44)","(0.1, 0.28)"
13,"(0.1, 0.38)","(0.1, 0.26)"
14,"(0.1, 0.38)","(0.1, 0.26)"
15,"(0.1, 0.38)","(0.1, 0.26)"
16,"(0.1, 0.38)","(0.1, 0.26)"
17,"(0.1, 0.38)","(0.1, 0.26)"
18,"(0.1, 0.38)","(0.1, 0.26)"
19,"(0.1, 0.38)","(0.1, 0.26)"
20,"(0.1, 0.38)","(0.1, 0.26)"
21,"(0.1, 0.44)","(0.1, 0.28)"
22,"(0.1, 0.44)","(0.1, 0.28)"
23,"(0.1, 0.44)","(0.1, 0.28)"
24,"(0.1, 0.44)","(0.1, 0.28)"
25,"(0.1, 0.44)","(0.1, 0.28)"
26,"(0.1, 0.38)","(0.1, 0.26)"
27,"(0.1, 0.38)","(0.1, 0.26)"
28,"(0.1, 0.38)","(0.1, 0.26)"
29,"(0.1, 0.38)","(0.1, 0.26)"
30,"(0.1, 0.38)","(0.1, 0.26)"
31,"(0.1, 0.38)","(0.1, 0.26)"
32,"(0.1, 0.38)","(0.1, 0.26)"
33,"(0.1, 0.38)","(0.1, 0.26)"
34,"(0.1, 0.38)","(0.1, 0.26)"
35,"(0.1, 0.38)","(0.1, 0.26)"
36,"(0.1, 0.38)","(0.1, 0.26)"
37,"(0.1, 0.44)","(0.1, 0.28)"
38,"(0.1, 0.44)","(0.1, 0.28)"
39,"(0.1, 0.38)","(0.1, 0.26)"
40,"(0.1, 0.38)","(0.1, 0.26)"
41,"(0.1, 0.38)","(0.1, 0.26)"
42,"(0.1, 0.38)","(0.1, 0.26)"
43,"(0.1, 0.38)","(0.1, 0.26)"
44,"(0.1, 0.38)","(0.1, 0.26)"
45,"(0.1, 0.38)","(0.1, 0.26)"
46,"(0.1, 0.38)","(0.1, 0.26)"
47,"(0.1, 0.38)","(0.1, 0.26)"
48,"(0.1, 0.38)","(0.1, 0.26)"
49,"(0.1, 0.38)","(0.1, 0.26)"
50,"(0.1, 0.38)","(0.1, 0.26)"
51,"(0.1, 0.38)","(0.1, 0.26)"
52,"(0.1, 0.38)","(0.1, 0.26)"
53,"(0.1, 0.38)","(0.1, 0.26)"
54,"(0.1, 0.38)","(0.1, 0.26)"
55,"(0.1, 0.38)","(0.1, 0.26)"
56,"(0.1, 0.38)","(0.1, 0.26)"
57,"(0.1, 0.38)","(0.1, 0.26)"
58,"(0.1, 0.38)","(0.1, 0.26)"
59,"(0.1, 0.38)","(0.1, 0.26)"
60,"(0.1, 0.38)","(0.1, 0.26)"
61,"(0.1, 0.38)","(0.1, 0.26)"
62,"(0.1, 0.38)","(0.1, 0.26)"
63,"(0.1, 0.38)","(0.1, 0.26)"
64,"(0.1, 0.38)","(0.1, 0.26)"
65,"(0.1, 0.38)","(0.1, 0.26)"
66,"(0.1, 0.38)","(0.1, 0.26)"
67,"(0.1, 0.38)","(0.1, 0.26)"
68,"(0.1, 0.38)","(0.1, 0.26)"
69,"(0.1, 0.38)","(0.1, 0.26)"
70,"(0.1, 0.38)","(0.1, 0.26)"
71,"(0.1, 0.38)","(0.1, 0.26)"
72,"(0.1, 0.38)","(0.1, 0.26)"
73,"(0.1, 0.38)","(0.1, 0.26)"
74,"(0.1, 0.38)","(0.1, 0.26)"
75,"(0.1, 0.38)","(0.1, 0.26)"
76,"(0.1, 0.38)","(0.1, 0.26)"
77,"(0.1, 0.38)","(0.1, 0.26)"
78,"(0.1, 0.38)","(0.1, 0.26)"
79,"(0.1, 0.38)","(0.1, 0.26)"
80,"(0.1, 0.38)","(0.1, 0.26)"
81,"(0.1, 0.38)","(0.1, 0.26)"
82,"(0.1, 0.38)","(0.1, 0.26)"
83,"(0.1, 0.38)","(0.1, 0.26)"
84,"(0.1, 0.38)","(0.1, 0.26)"
85,"(0.1, 0.38)","(0.1, 0.26)"
86,"(0.1, 0.38)","(0.1, 0.26)"
87,"(0.1, 0.38)","(0.1, 0.26)"
88,"(0.1, 0.38)","(0.1, 0.26)"
89,"(0.1, 0.38)","(0.1, 0.26)"
90,"(0.1, 0.38)","(0.1, 0.26)"
91,"(0.1, 0.38)","(0.1, 0.26)"
92,"(0.1, 0.38)","(0.1, 0.26)"
93,"(0.1, 0.38)","(0.1, 0.26)"
94,"(0.1, 0.38)","(0.1, 0.26)"
95,"(0.1, 0.38)","(0.1, 0.26)"
96,"(0.1, 0.38)","(0.1, 0.26)"
97,"(0.1, 0.38)","(0.1, 0.26)"
98,"(0.1, 0.38)","(0.1, 0.26)"
99,"(0.1, 0.38)","(0.1, 0.26)"
100,"(0.1, 0.38)","(0.1, 0.26)"
101,"(0.1, 0.38)","(0.1, 0.26)"
102,"(0.1, 0.38)","(0.1, 0.26)"
103,"(0.1, 0.38)","(0.1, 0.26)"
104,"(0.1, 0.38)","(0.1, 0.26)"
105,"(0.1, 0.38)","(0.1, 0.26)"
106,"(0.1, 0.38)","(0.1, 0.26)"
107,"(0.1, 0.38)","(0.1, 0.26)"
108,"(0.1, 0.38)","(0.1, 0.26)"
109,"(0.1, 0.38)","(0.1, 0.26)"
110,"(0.1, 0.38)","(0.1, 0.26)"
111,"(0.1, 0.38)","(0.1, 0.26)"
112,"(0.1, 0.38)","(0.1, 0.26)"
113,"(0.1, 0.38)","(0.1, 0.26)"
114,"(0.1, 0.38)","(0.1, 0.26)"
115,"(0.1, 0.38)","(0.1, 0.26)"
116,"(0.1, 0.38)","(0.1, 0.26)"
117,"(0.1, 0.38)","(0.1, 0.26)"
118,"(0.1, 0.38)","(0.1, 0.26)"
119,"(0.1, 0.38)","(0.1, 0.26)"
120,"(0.1, 0.38)","(0.1, 0.26)"
121,"(0.1, 0.38)","(0.1, 0.26)"
122,"(0.1, 0.38)","(0.1, 0.26)"
123,"(0.1, 0.38)","(0.1, 0.26)"
124,"(0.1, 0.38)","(0.1, 0.26)"
125,"(0.1, 0.38)","(0.1, 0.26)"
126,"(0.1, 0.38)","(0.1, 0.26)"
127,"(0.1, 0.38)","(0.1, 0.26)"
128,"(0.1, 0.38)","(0.1, 0.26)"
129,"(0.1, 0.38)","(0.1, 0.26)"
130,"(0.1, 0.38)","(0.1, 0.26)"
131,"(0.1, 0.38)","(0.1, 0.26)"
132,"(0.1, 0.38)","(0.1, 0.26)"
133,"(0.1, 0.38)","(0.1, 0.26)"
134,"(0.1, 0.38)","(0.1, 0.26)"
135,"(0.1, 0.38)","(0.1, 0.26)"
136,"(0.1, 0.38)","(0.1, 0.26)"
137,"(0.1, 0.38)","(0.1, 0.26)"
138,"(0.1, 0.38)","(0.1, 0.26)"
139,"(0.1, 0.38)","(0.1, 0.26)"
140,"(0.1, 0.38)","(0.1, 0.26)"
141,"(0.1, 0.38)","(0.1, 0.26)"
142,"(0.1, 0.38)","(0.1, 0.26)"
143,"(0.1, 0.38)","(0.1, 0.26)"
144,"(0.1, 0.38)","(0.1, 0.26)"
145,"(0.1, 0.38)","(0.1, 0.26)"
146,"(0.1, 0.38)","(0.1, 0.26)"
147,"(0.1, 0.44)","(0.1, 0.28)"
148,"(0.1, 0.44)","(0.1, 0.28)"
149,"(0.1, 0.44)","(0.1, 0.28)"
150,"(0.1, 0.44)","(0.1, 0.28)"
151,"(0.1, 0.44)","(0.1, 0.28)"
152,"(0.1, 0.44)","(0.1, 0.28)"
153,"(0.1, 0.44)","(0.1, 0.28)"
154,"(0.1, 0.44)","(0.1, 0.28)"
155,"(0.1, 0.44)","(0.1, 0.28)"
156,"(0.1, 0.44)","(0.1, 0.28)"
157,"(0.1, 0.44)","(0.1, 0.28)"
158,"(0.1, 0.44)","(0.1, 0.28)"
159,"(0.1, 0.44)","(0.1, 0.28)"
160,"(0.1, 0.44)","(0.1, 0.28)"
161,"(0.1, 0.44)","(0.1, 0.28)"
162,"(0.1, 0.44)","(0.1, 0.28)"
163,"(0.1, 0.44)","(0.1, 0.28)"
164,"(0.1, 0.44)","(0.1, 0.28)"
165,"(0.1, 0.44)","(0.1, 0.28)"
166,"(0.1, 0.44)","(0.1, 0.28)"
167,"(0.1, 0.44)","(0.1, 0.28)"
168,"(0.1, 0.44)","(0.1, 0.28)"
169,"(0.1, 0.44)","(0.1, 0.28)"
170,"(0.1, 0.44)","(0.1, 0.28)"
171,"(0.1, 0.44)","(0.1, 0.28)"
172,"(0.1, 0.44)","(0.1, 0.28)"
173,"(0.1, 0.44)","(0.1, 0.28)"
174,"(0.1, 0.44)","(0.1, 0.28)"
175,"(0.1, 0.44)","(0.1, 0.28)"
176,"(0.1, 0.44)","(0.1, 0.28)"
177,"(0.1, 0.44)","(0.1, 0.28)"
178,"(0.1, 0.44)","(0.1, 0.28)"
179,"(0.1, 0.44)","(0.1, 0.28)"
180,"(0.1, 0.44)","(0.1, 0.28)"
181,"(0.1, 0.44)","(0.1, 0.28)"
182,"(0.1, 0.44)","(0.1, 0.28)"
183,"(0.1, 0.44)","(0.1, 0.28)"
184,"(0.1, 0.44)","(0.1, 0.28)"
185,"(0.1, 0.44)","(0.1, 0.28)"
186,"(0.1, 0.44)","(0.1, 0.28)"
187,"(0.1, 0.44)","(0.1, 0.28)"
188,"(0.1, 0.38)","(0.1, 0.26)"
189,"(0.1, 0.38)","(0.1, 0.26)"
190,"(0.1, 0.38)","(0.1, 0.26)"
191,"(0.1, 0.38)","(0.1, 0.26)"
192,"(0.1, 0.38)","(0.1, 0.26)"
193,"(0.1, 0.38)","(0.1, 0.26)"
194,"(0.1, 0.38)","(0.1, 0.26)"
195,"(0.1, 0.38)","(0.1, 0.26)"
196,"(0.1, 0.38)","(0.1, 0.26)"
197,"(0.1, 0.38)","(0.1, 0.26)"
198,"(0.1, 0.38)","(0.1, 0.26)"
199,"(0.1, 0.38)","(0.1, 0.26)"
200,"(0.1, 0.38)","(0.1, 0.26)"
201,"(0.1, 0.38)","(0.1, 0.26)"
202,"(0.1, 0.38)","(0.1, 0.26)"
203,"(0.1, 0.38)","(0.1, 0.26)"
204,"(0.1, 0.38)","(0.1, 0.26)"
205,"(0.1, 0.38)","(0.1, 0.26)"
206,"(0.1, 0.38)","(0.1, 0.26)"
207,"(0.1, 0.38)","(0.1, 0.26)"
208,"(0.1, 0.38)","(0.1, 0.26)"
209,"(0.1, 0.38)","(0.1, 0.26)"
210,"(0.1, 0.38)","(0.1, 0.26)"
211,"(0.1, 0.38)","(0.1, 0.26)"
212,"(0.1, 0.38)","(0.1, 0.26)"
213,"(0.1, 0.38)","(0.1, 0.26)"
214,"(0.1, 0.38)","(0.1, 0.26)"
215,"(0.1, 0.38)","(0.1, 0.26)"
216,"(0.1, 0.38)","(0.1, 0.26)"
217,"(0.1, 0.38)","(0.1, 0.26)"
218,"(0.1, 0.38)","(0.1, 0.26)"
219,"(0.1, 0.38)","(0.1, 0.26)"
220,"(0.1, 0.38)","(0.1, 0.26)"
221,"(0.1, 0.38)","(0.1, 0.26)"
222,"(0.1, 0.38)","(0.1, 0.26)"
223,"(0.1, 0.38)","(0.1, 0.26)"
224,"(0.1, 0.38)","(0.1, 0.26)"
225,"(0.1, 0.38)","(0.1, 0.26)"
226,"(0.1, 0.38)","(0.1, 0.26)"
227,"(0.1, 0.38)","(0.1, 0.26)"
228,"(0.1, 0.38)","(0.1, 0.26)"
229,"(0.1, 0.38)","(0.1, 0.26)"
230,"(0.1, 0.38)","(0.1, 0.26)"
231,"(0.1, 0.38)","(0.1, 0.26)"
232,"(0.1, 0.38)","(0.1, 0.26)"
233,"(0.1, 0.38)","(0.1, 0.26)"
234,"(0.1, 0.38)","(0.1, 0.26)"
235,"(0.1, 0.38)","(0.1, 0.26)"
236,"(0.1, 0.38)","(0.1, 0.26)"
237,"(0.1, 0.32)","(0.1, 0.24)"
238,"(0.1, 0.32)","(0.1, 0.24)"
239,"(0.1, 0.32)","(0.1, 0.24)"
240,"(0.1, 0.32)","(0.1, 0.24)"
241,"(0.1, 0.32)","(0.1, 0.24)"
242,"(0.1, 0.32)","(0.1, 0.24)"
243,"(0.1, 0.32)","(0.1, 0.24)"
244,"(0.1, 0.32)","(0.1, 0.24)"
245,"(0.1, 0.32)","(0.1, 0.24)"
246,"(0.1, 0.32)","(0.1, 0.24)"
247,"(0.1, 0.32)","(0.1, 0.24)"
248,"(0.1, 0.32)","(0.1, 0.24)"
249,"(0.1, 0.32)","(0.1, 0.24)"
250,"(0.1, 0.32)","(0.1, 0.24)"
251,"(0.1, 0.32)","(0.1, 0.24)"
252,"(0.1, 0.38)","(0.1, 0.26)"
253,"(0.1, 0.38)","(0.1, 0.26)"
254,"(0.1, 0.38)","(0.1, 0.26)"
255,"(0.1, 0.38)","(0.1, 0.26)"
256,"(0.1, 0.38)","(0.1, 0.26)"
257,"(0.1, 0.38)","(0.1, 0.26)"
258,"(0.1, 0.38)","(0.1, 0.26)"
259,"(0.1, 0.38)","(0.1, 0.26)"
260,"(0.1, 0.38)","(0.1, 0.26)"
261,"(0.1, 0.38)","(0.1, 0.26)"
262,"(0.1, 0.38)","(0.1, 0.26)"
263,"(0.1, 0.38)","(0.1, 0.26)"
264,"(0.1, 0.38)","(0.1, 0.26)"
265,"(0.1, 0.38)","(0.1, 0.26)"
266,"(0.1, 0.38)","(0.1, 0.26)"
267,"(0.1, 0.38)","(0.1, 0.26)"
268,"(0.1, 0.38)","(0.1, 0.26)"
269,"(0.1, 0.38)","(0.1, 0.26)"
270,"(0.1, 0.38)","(0.1, 0.26)"
271,"(0.1, 0.38)","(0.1, 0.26)"
272,"(0.1, 0.38)","(0.1, 0.26)"
273,"(0.1, 0.38)","(0.1, 0.26)"
274,"(0.1, 0.38)","(0.1, 0.26)"
275,"(0.1, 0.38)","(0.1, 0.26)"
276,"(0.1, 0.38)","(0.1, 0.26)"
277,"(0.1, 0.38)","(0.1, 0.26)"
278,"(0.1, 0.38)","(0.1, 0.26)"
279,"(0.1, 0.38)","(0.1, 0.26)"
280,"(0.1, 0.38)","(0.1, 0.26)"
281,"(0.1, 0.38)","(0.1, 0.26)"
282,"(0.1, 0.38)","(0.1, 0.26)"
283,"(0.1, 0.38)","(0.1, 0.26)"
284,"(0.1, 0.38)","(0.1, 0.26)"
285,"(0.1, 0.38)","(0.1, 0.26)"
286,"(0.1, 0.38)","(0.1, 0.26)"
287,"(0.1, 0.38)","(0.1, 0.26)"
288,"(0.1, 0.38)","(0.1, 0.26)"
289,"(0.1, 0.38)","(0.1, 0.26)"
290,"(0.1, 0.38)","(0.1, 0.26)"
291,"(0.1, 0.38)","(0.1, 0.26)"
292,"(0.1, 0.44)","(0.1, 0.28)"
293,"(0.1, 0.44)","(0.1, 0.28)"
294,"(0.1, 0.44)","(0.1, 0.28)"
295,"(0.1, 0.44)","(0.1, 0.28)"
296,"(0.1, 0.44)","(0.1, 0.28)"
297,"(0.1, 0.38)","(0.1, 0.26)"
298,"(0.1, 0.38)","(0.1, 0.26)"
299,"(0.1, 0.38)","(0.1, 0.26)"
300,"(0.1, 0.38)","(0.1, 0.26)"
301,"(0.1, 0.38)","(0.1, 0.26)"
302,"(0.1, 0.38)","(0.1, 0.26)"
303,"(0.1, 0.38)","(0.1, 0.26)"
304,"(0.1, 0.44)","(0.1, 0.28)"
305,"(0.1, 0.44)","(0.1, 0.28)"
306,"(0.1, 0.44)","(0.1, 0.28)"
307,"(0.1, 0.44)","(0.1, 0.28)"
308,"(0.1, 0.44)","(0.1, 0.28)"
309,"(0.1, 0.44)","(0.1, 0.28)"
310,"(0.1, 0.44)","(0.1, 0.28)"
311,"(0.1, 0.44)","(0.1, 0.28)"
312,"(0.1, 0.44)","(0.1, 0.28)"
313,"(0.1, 0.44)","(0.1, 0.28)"
314,"(0.1, 0.44)","(0.1, 0.28)"
315,"(0.1, 0.44)","(0.1, 0.28)"
316,"(0.1, 0.44)","(0.1, 0.28)"
317,"(0.1, 0.44)","(0.1, 0.28)"
318,"(0.1, 0.44)","(0.1, 0.28)"
319,"(0.1, 0.44)","(0.1, 0.28)"
320,"(0.1, 0.44)","(0.1, 0.28)"
321,"(0.1, 0.44)","(0.1, 0.28)"
322,"(0.1, 0.44)","(0.1, 0.28)"
323,"(0.1, 0.44)","(0.1, 0.28)"
324,"(0.1, 0.44)","(0.1, 0.28)"
325,"(0.1, 0.44)","(0.1, 0.28)"
326,"(0.1, 0.44)","(0.1, 0.28)"
327,"(0.1, 0.44)","(0.1, 0.28)"
328,"(0.1, 0.44)","(0.1, 0.28)"
329,"(0.1, 0.44)","(0.1, 0.28)"
330,"(0.1, 0.44)","(0.1, 0.28)"
331,"(0.1, 0.44)","(0.1, 0.28)"
332,"(0.1, 0.44)","(0.1, 0.28)"
333,"(0.1, 0.44)","(0.1, 0.28)"
334,"(0.1, 0.44)","(0.1, 0.28)"
335,"(0.1, 0.44)","(0.1, 0.28)"
336,"(0.1, 0.44)","(0.1, 0.28)"
337,"(0.1, 0.44)","(0.1, 0.28)"
338,"(0.1, 0.44)","(0.1, 0.28)"
339,"(0.1, 0.44)","(0.1, 0.28)"
340,"(0.1, 0.44)","(0.1, 0.28)"
341,"(0.1, 0.44)","(0.1, 0.28)"
342,"(0.1, 0.44)","(0.1, 0.28)"
343,"(0.1, 0.44)","(0.1, 0.28)"
344,"(0.1, 0.44)","(0.1, 0.28)"
345,"(0.1, 0.44)","(0.1, 0.28)"
346,"(0.1, 0.44)","(0.1, 0.28)"
347,"(0.1, 0.44)","(0.1, 0.28)"
348,"(0.1, 0.44)","(0.1, 0.28)"
349,"(0.1, 0.44)","(0.1, 0.28)"
350,"(0.1, 0.44)","(0.1, 0.28)"
351,"(0.1, 0.44)","(0.1, 0.28)"
352,"(0.1, 0.44)","(0.1, 0.28)"
353,"(0.1, 0.44)","(0.1, 0.28)"
354,"(0.1, 0.44)","(0.1, 0.28)"
355,"(0.1, 0.44)","(0.1, 0.28)"
356,"(0.1, 0.44)","(0.1, 0.28)"
357,"(0.1, 0.44)","(0.1, 0.28)"
358,"(0.1, 0.44)","(0.1, 0.28)"
359,"(0.1, 0.44)","(0.1, 0.28)"
360,"(0.1, 0.44)","(0.1, 0.28)"
361,"(0.1, 0.44)","(0.1, 0.28)"
362,"(0.1, 0.44)","(0.1, 0.28)"
363,"(0.1, 0.44)","(0.1, 0.28)"
364,"(0.1, 0.44)","(0.1, 0.28)"
365,"(0.1, 0.44)","(0.1, 0.28)"
366,"(0.1, 0.44)","(0.1, 0.28)"
367,"(0.1, 0.44)","(0.1, 0.28)"
368,"(0.1, 0.44)","(0.1, 0.28)"
369,"(0.1, 0.44)","(0.1, 0.28)"
370,"(0.1, 0.44)","(0.1, 0.28)"
371,"(0.1, 0.44)","(0.1, 0.28)"
372,"(0.1, 0.44)","(0.1, 0.28)"
373,"(0.1, 0.44)","(0.1, 0.28)"
374,"(0.1, 0.44)","(0.1, 0.28)"
375,"(0.1, 0.44)","(0.1, 0.28)"
376,"(0.1, 0.44)","(0.1, 0.28)"
377,"(0.1, 0.44)","(0.1, 0.28)"
378,"(0.1, 0.44)","(0.1, 0.28)"
379,"(0.1, 0.44)","(0.1, 0.28)"
380,"(0.1, 0.44)","(0.1, 0.28)"
381,"(0.1, 0.44)","(0.1, 0.28)"
382,"(0.1, 0.44)","(0.1, 0.28)"
383,"(0.1, 0.44)","(0.1, 0.28)"
384,"(0.1, 0.44)","(0.1, 0.28)"
385,"(0.1, 0.44)","(0.1, 0.28)"
386,"(0.1, 0.44)","(0.1, 0.28)"
387,"(0.1, 0.44)","(0.1, 0.28)"
388,"(0.1, 0.44)","(0.1, 0.28)"
389,"(0.1, 0.44)","(0.1, 0.28)"
390,"(0.1, 0.44)","(0.1, 0.28)"
391,"(0.1, 0.44)","(0.1, 0.28)"
392,"(0.1, 0.44)","(0.1, 0.28)"
393,"(0.1, 0.44)","(0.1, 0.28)"
394,"(0.1, 0.44)","(0.1, 0.28)"
395,"(0.1, 0.44)","(0.1, 0.28)"
396,"(0.1, 0.44)","(0.1, 0.28)"
397,"(0.1, 0.44)","(0.1, 0.28)"
398,"(0.1, 0.44)","(0.1, 0.28)"
399,"(0.1, 0.44)","(0.1, 0.28)"
400,"(0.1, 0.44)","(0.1, 0.28)"
401,"(0.1, 0.44)","(0.1, 0.28)"
402,"(0.1, 0.44)","(0.1, 0.28)"
403,"(0.1, 0.44)","(0.1, 0.28)"
404,"(0.1, 0.44)","(0.1, 0.28)"
405,"(0.1, 0.44)","(0.1, 0.28)"
406,"(0.1, 0.44)","(0.1, 0.28)"
407,"(0.1, 0.44)","(0.1, 0.28)"
408,"(0.1, 0.44)","(0.1, 0.28)"
409,"(0.1, 0.44)","(0.1, 0.28)"
410,"(0.1, 0.44)","(0.1, 0.28)"
411,"(0.1, 0.44)","(0.1, 0.28)"
412,"(0.1, 0.44)","(0.1, 0.28)"
413,"(0.1, 0.44)","(0.1, 0.28)"
414,"(0.1, 0.44)","(0.1, 0.28)"
415,"(0.1, 0.44)","(0.1, 0.28)"
416,"(0.1, 0.44)","(0.1, 0.28)"
417,"(0.1, 0.44)","(0.1, 0.28)"
418,"(0.1, 0.44)","(0.1, 0.28)"
419,"(0.1, 0.44)","(0.1, 0.28)"
420,"(0.1, 0.44)","(0.1, 0.28)"
421,"(0.1, 0.44)","(0.1, 0.28)"
422,"(0.1, 0.44)","(0.1, 0.28)"
423,"(0.1, 0.44)","(0.1, 0.28)"
424,"(0.1, 0.44)","(0.1, 0.28)"
425,"(0.1, 0.44)","(0.1, 0.28)"
426,"(0.1, 0.44)","(0.1, 0.28)"
427,"(0.1, 0.44)","(0.1, 0.28)"
428,"(0.1, 0.44)","(0.1, 0.28)"
429,"(0.1, 0.44)","(0.1, 0.28)"
430,"(0.1, 0.44)","(0.1, 0.28)"
431,"(0.1, 0.44)","(0.1, 0.28)"
432,"(0.1, 0.44)","(0.1, 0.28)"
433,"(0.1, 0.44)","(0.1, 0.28)"
434,"(0.1, 0.44)","(0.1, 0.28)"
435,"(0.1, 0.44)","(0.1, 0.28)"
436,"(0.1, 0.44)","(0.1, 0.28)"
437,"(0.1, 0.44)","(0.1, 0.28)"
438,"(0.1, 0.44)","(0.1, 0.28)"
439,"(0.1, 0.44)","(0.1, 0.28)"
440,"(0.1, 0.44)","(0.1, 0.28)"
441,"(0.1, 0.44)","(0.1, 0.28)"
442,"(0.1, 0.44)","(0.1, 0.28)"
443,"(0.1, 0.44)","(0.1, 0.28)"
444,"(0.1, 0.44)","(0.1, 0.28)"
445,"(0.1, 0.44)","(0.1, 0.28)"
446,"(0.1, 0.44)","(0.1, 0.28)"
447,"(0.1, 0.44)","(0.1, 0.28)"
448,"(0.1, 0.44)","(0.1, 0.28)"
449,"(0.1, 0.44)","(0.1, 0.28)"
450,"(0.1, 0.44)","(0.1, 0.28)"
451,"(0.1, 0.44)","(0.1, 0.28)"
452,"(0.1, 0.44)","(0.1, 0.28)"
453,"(0.1, 0.44)","(0.1, 0.28)"
454,"(0.1, 0.44)","(0.1, 0.28)"
455,"(0.1, 0.44)","(0.1, 0.28)"
456,"(0.1, 0.44)","(0.1, 0.28)"
457,"(0.1, 0.44)","(0.1, 0.28)"
458,"(0.1, 0.44)","(0.1, 0.28)"
459,"(0.1, 0.44)","(0.1, 0.28)"
460,"(0.1, 0.44)","(0.1, 0.28)"
461,"(0.1, 0.44)","(0.1, 0.28)"
462,"(0.1, 0.44)","(0.1, 0.28)"
463,"(0.1, 0.44)","(0.1, 0.28)"
464,"(0.1, 0.44)","(0.1, 0.28)"
465,"(0.1, 0.44)","(0.1, 0.28)"
466,"(0.1, 0.44)","(0.1, 0.28)"
467,"(0.1, 0.44)","(0.1, 0.28)"
468,"(0.1, 0.44)","(0.1, 0.28)"
469,"(0.1, 0.44)","(0.1, 0.28)"
470,"(0.1, 0.44)","(0.1, 0.28)"
471,"(0.1, 0.44)","(0.1, 0.28)"
472,"(0.1, 0.44)","(0.1, 0.28)"
473,"(0.1, 0.44)","(0.1, 0.28)"
474,"(0.1, 0.44)","(0.1, 0.28)"
475,"(0.1, 0.44)","(0.1, 0.28)"
476,"(0.1, 0.44)","(0.1, 0.28)"
477,"(0.1, 0.44)","(0.1, 0.28)"
478,"(0.1, 0.44)","(0.1, 0.28)"
479,"(0.1, 0.44)","(0.1, 0.28)"
480,"(0.1, 0.44)","(0.1, 0.28)"
481,"(0.1, 0.44)","(0.1, 0.28)"
482,"(0.1, 0.44)","(0.1, 0.28)"
483,"(0.1, 0.44)","(0.1, 0.28)"
484,"(0.1, 0.44)","(0.1, 0.28)"
485,"(0.1, 0.44)","(0.1, 0.28)"
486,"(0.1, 0.44)","(0.1, 0.28)"
487,"(0.1, 0.44)","(0.1, 0.28)"
488,"(0.1, 0.44)","(0.1, 0.28)"
489,"(0.1, 0.38)","(0.1, 0.26)"
490,"(0.1, 0.38)","(0.1, 0.26)"
491,"(0.1, 0.38)","(0.1, 0.26)"
492,"(0.1, 0.38)","(0.1, 0.26)"
493,"(0.1, 0.38)","(0.1, 0.26)"
494,"(0.1, 0.38)","(0.1, 0.26)"
495,"(0.1, 0.44)","(0.1, 0.28)"
496,"(0.1, 0.44)","(0.1, 0.28)"
497,"(0.1, 0.44)","(0.1, 0.28)"
498,"(0.1, 0.44)","(0.1, 0.28)"
499,"(0.1, 0.44)","(0.1, 0.28)"
500,"(0.1, 0.44)","(0.1, 0.28)"
501,"(0.1, 0.44)","(0.1, 0.28)"
502,"(0.1, 0.44)","(0.1, 0.28)"
503,"(0.1, 0.44)","(0.1, 0.28)"
504,"(0.1, 0.44)","(0.1, 0.28)"
505,"(0.1, 0.38)","(0.1, 0.26)"
506,"(0.1, 0.38)","(0.1, 0.26)"
507,"(0.1, 0.38)","(0.1, 0.26)"
508,"(0.1, 0.38)","(0.1, 0.26)"
509,"(0.1, 0.38)","(0.1, 0.26)"
510,"(0.1, 0.38)","(0.1, 0.26)"
511,"(0.1, 0.32)","(0.1, 0.24)"
512,"(0.1, 0.32)","(0.1, 0.24)"
513,"(0.1, 0.44)","(0.1, 0.28)"
514,"(0.1, 0.44)","(0.1, 0.28)"
515,"(0.1, 0.44)","(0.1, 0.28)"
516,"(0.1, 0.44)","(0.1, 0.28)"
517,"(0.1, 0.44)","(0.1, 0.28)"
518,"(0.1, 0.44)","(0.1, 0.28)"
519,"(0.1, 0.44)","(0.1, 0.28)"
520,"(0.1, 0.44)","(0.1, 0.28)"
521,"(0.1, 0.44)","(0.1, 0.28)"
522,"(0.1, 0.44)","(0.1, 0.28)"
523,"(0.1, 0.44)","(0.1, 0.28)"
524,"(0.1, 0.44)","(0.1, 0.28)"
525,"(0.1, 0.44)","(0.1, 0.28)"
526,"(0.1, 0.44)","(0.1, 0.28)"
527,"(0.1, 0.38)","(0.1, 0.26)"
528,"(0.1, 0.38)","(0.1, 0.26)"
529,"(0.1, 0.38)","(0.1, 0.26)"
530,"(0.1, 0.38)","(0.1, 0.26)"
531,"(0.1, 0.38)","(0.1, 0.26)"
532,"(0.1, 0.38)","(0.1, 0.26)"
533,"(0.1, 0.38)","(0.1, 0.26)"
534,"(0.1, 0.38)","(0.1, 0.26)"
535,"(0.1, 0.38)","(0.1, 0.26)"
536,"(0.1, 0.38)","(0.1, 0.26)"
537,"(0.1, 0.38)","(0.1, 0.26)"
538,"(0.1, 0.38)","(0.1, 0.26)"
539,"(0.1, 0.38)","(0.1, 0.26)"
540,"(0.1, 0.38)","(0.1, 0.26)"
541,"(0.1, 0.38)","(0.1, 0.26)"
542,"(0.1, 0.38)","(0.1, 0.26)"
543,"(0.1, 0.38)","(0.1, 0.26)"
544,"(0.1, 0.38)","(0.1, 0.26)"
545,"(0.1, 0.38)","(0.1, 0.26)"
546,"(0.1, 0.38)","(0.1, 0.26)"
547,"(0.1, 0.38)","(0.1, 0.26)"
548,"(0.1, 0.38)","(0.1, 0.26)"
549,"(0.1, 0.38)","(0.1, 0.26)"
550,"(0.1, 0.38)","(0.1, 0.26)"
551,"(0.1, 0.38)","(0.1, 0.26)"
552,"(0.1, 0.38)","(0.1, 0.26)"
553,"(0.1, 0.38)","(0.1, 0.26)"
554,"(0.1, 0.38)","(0.1, 0.26)"
555,"(0.1, 0.38)","(0.1, 0.26)"
556,"(0.1, 0.38)","(0.1, 0.26)"
557,"(0.1, 0.38)","(0.1, 0.26)"
558,"(0.1, 0.38)","(0.1, 0.26)"
559,"(0.1, 0.38)","(0.1, 0.26)"
560,"(0.1, 0.38)","(0.1, 0.26)"
561,"(0.1, 0.38)","(0.1, 0.26)"
562,"(0.1, 0.38)","(0.1, 0.26)"
563,"(0.1, 0.38)","(0.1, 0.26)"
564,"(0.1, 0.38)","(0.1, 0.26)"
565,"(0.1, 0.38)","(0.1, 0.26)"
566,"(0.1, 0.38)","(0.1, 0.26)"
567,"(0.1, 0.38)","(0.1, 0.26)"
568,"(0.1, 0.38)","(0.1, 0.26)"
569,"(0.1, 0.38)","(0.1, 0.26)"
570,"(0.1, 0.38)","(0.1, 0.26)"
571,"(0.1, 0.38)","(0.1, 0.26)"
572,"(0.1, 0.38)","(0.1, 0.26)"
573,"(0.1, 0.38)","(0.1, 0.26)"
574,"(0.1, 0.38)","(0.1, 0.26)"
575,"(0.1, 0.44)","(0.1, 0.28)"
576,"(0.1, 0.44)","(0.1, 0.28)"
577,"(0.1, 0.44)","(0.1, 0.28)"
578,"(0.1, 0.38)","(0.1, 0.26)"
579,"(0.1, 0.38)","(0.1, 0.26)"
580,"(0.1, 0.38)","(0.1, 0.26)"
581,"(0.1, 0.38)","(0.1, 0.26)"
582,"(0.1, 0.38)","(0.1, 0.26)"
583,"(0.1, 0.38)","(0.1, 0.26)"
584,"(0.1, 0.44)","(0.1, 0.28)"
585,"(0.1, 0.44)","(0.1, 0.28)"
586,"(0.1, 0.44)","(0.1, 0.28)"
587,"(0.1, 0.44)","(0.1, 0.28)"
588,"(0.1, 0.44)","(0.1, 0.28)"
589,"(0.1, 0.44)","(0.1, 0.28)"
590,"(0.1, 0.44)","(0.1, 0.28)"
591,"(0.1, 0.44)","(0.1, 0.28)"
592,"(0.1, 0.44)","(0.1, 0.28)"
593,"(0.1, 0.44)","(0.1, 0.28)"
594,"(0.1, 0.44)","(0.1, 0.28)"
595,"(0.1, 0.44)","(0.1, 0.28)"
596,"(0.1, 0.44)","(0.1, 0.28)"
597,"(0.1, 0.44)","(0.1, 0.28)"
598,"(0.1, 0.44)","(0.1, 0.28)"
599,"(0.1, 0.44)","(0.1, 0.28)"
600,"(0.1, 0.44)","(0.1, 0.28)"
601,"(0.1, 0.44)","(0.1, 0.28)"
602,"(0.1, 0.44)","(0.1, 0.28)"
603,"(0.1, 0.44)","(0.1, 0.28)"
604,"(0.1, 0.44)","(0.1, 0.28)"
605,"(0.1, 0.44)","(0.1, 0.28)"
606,"(0.1, 0.44)","(0.1, 0.28)"
607,"(0.1, 0.44)","(0.1, 0.28)"
608,"(0.1, 0.44)","(0.1, 0.28)"
609,"(0.1, 0.44)","(0.1, 0.28)"
610,"(0.1, 0.44)","(0.1, 0.28)"
611,"(0.1, 0.44)","(0.1, 0.28)"
612,"(0.1, 0.44)","(0.1, 0.28)"
613,"(0.1, 0.44)","(0.1, 0.28)"
614,"(0.1, 0.44)","(0.1, 0.28)"
615,"(0.1, 0.44)","(0.1, 0.28)"
616,"(0.1, 0.44)","(0.1, 0.28)"
617,"(0.1, 0.44)","(0.1, 0.28)"
618,"(0.1, 0.44)","(0.1, 0.28)"
619,"(0.1, 0.44)","(0.1, 0.28)"
620,"(0.1, 0.44)","(0.1, 0.28)"
621,"(0.1, 0.44)","(0.1, 0.28)"
622,"(0.1, 0.44)","(0.1, 0.28)"
623,"(0.1, 0.44)","(0.1, 0.28)"
624,"(0.1, 0.44)","(0.1, 0.28)"
625,"(0.1, 0.44)","(0.1, 0.28)"
626,"(0.1, 0.44)","(0.1, 0.28)"
627,"(0.1, 0.44)","(0.1, 0.28)"
628,"(0.1, 0.44)","(0.1, 0.28)"
629,"(0.1, 0.44)","(0.1, 0.28)"
630,"(0.1, 0.32)","(0.1, 0.24)"
631,"(0.1, 0.32)","(0.1, 0.24)"
632,"(0.1, 0.32)","(0.1, 0.24)"
633,"(0.1, 0.32)","(0.1, 0.24)"
634,"(0.1, 0.32)","(0.1, 0.24)"
635,"(0.1, 0.44)","(0.1, 0.28)"
636,"(0.1, 0.44)","(0.1, 0.28)"
637,"(0.1, 0.44)","(0.1, 0.28)"
638,"(0.1, 0.38)","(0.1, 0.26)"
639,"(0.1, 0.38)","(0.1, 0.26)"
640,"(0.1, 0.38)","(0.1, 0.26)"
641,"(0.1, 0.38)","(0.1, 0.26)"
642,"(0.1, 0.38)","(0.1, 0.26)"
643,"(0.1, 0.38)","(0.1, 0.26)"
644,"(0.1, 0.38)","(0.1, 0.26)"
645,"(0.1, 0.38)","(0.1, 0.26)"
646,"(0.1, 0.38)","(0.1, 0.26)"
647,"(0.1, 0.38)","(0.1, 0.26)"
648,"(0.1, 0.44)","(0.1, 0.28)"
649,"(0.1, 0.44)","(0.1, 0.28)"
650,"(0.1, 0.38)","(0.1, 0.26)"
651,"(0.1, 0.38)","(0.1, 0.26)"
652,"(0.1, 0.38)","(0.1, 0.26)"
653,"(0.1, 0.38)","(0.1, 0.26)"
654,"(0.1, 0.38)","(0.1, 0.26)"
655,"(0.1, 0.38)","(0.1, 0.26)"
656,"(0.1, 0.38)","(0.1, 0.26)"
657,"(0.1, 0.38)","(0.1, 0.26)"
658,"(0.1, 0.38)","(0.1, 0.26)"
659,"(0.1, 0.38)","(0.1, 0.26)"
660,"(0.1, 0.38)","(0.1, 0.26)"
661,"(0.1, 0.38)","(0.1, 0.26)"
662,"(0.1, 0.38)","(0.1, 0.26)"
663,"(0.1, 0.38)","(0.1, 0.26)"
664,"(0.1, 0.38)","(0.1, 0.26)"
665,"(0.1, 0.38)","(0.1, 0.26)"
666,"(0.1, 0.38)","(0.1, 0.26)"
667,"(0.1, 0.38)","(0.1, 0.26)"
668,"(0.1, 0.38)","(0.1, 0.26)"
669,"(0.1, 0.38)","(0.1, 0.26)"
670,"(0.1, 0.38)","(0.1, 0.26)"
671,"(0.1, 0.38)","(0.1, 0.26)"
672,"(0.1, 0.38)","(0.1, 0.26)"
673,"(0.1, 0.44)","(0.1, 0.28)"
674,"(0.1, 0.44)","(0.1, 0.28)"
675,"(0.1, 0.44)","(0.1, 0.28)"
676,"(0.1, 0.44)","(0.1, 0.28)"
677,"(0.1, 0.44)","(0.1, 0.28)"
678,"(0.1, 0.44)","(0.1, 0.28)"
679,"(0.1, 0.44)","(0.1, 0.28)"
680,"(0.1, 0.44)","(0.1, 0.28)"
681,"(0.1, 0.44)","(0.1, 0.28)"
682,"(0.1, 0.44)","(0.1, 0.28)"
683,"(0.1, 0.44)","(0.1, 0.28)"
684,"(0.1, 0.44)","(0.1, 0.28)"
685,"(0.1, 0.44)","(0.1, 0.28)"
686,"(0.1, 0.44)","(0.1, 0.28)"
687,"(0.1, 0.44)","(0.1, 0.28)"
688,"(0.1, 0.44)","(0.1, 0.28)"
689,"(0.1, 0.44)","(0.1, 0.28)"
690,"(0.1, 0.44)","(0.1, 0.28)"
691,"(0.1, 0.44)","(0.1, 0.28)"
692,"(0.1, 0.44)","(0.1, 0.28)"
693,"(0.1, 0.44)","(0.1, 0.28)"
694,"(0.1, 0.44)","(0.1, 0.28)"
695,"(0.1, 0.44)","(0.1, 0.28)"
696,"(0.1, 0.44)","(0.1, 0.28)"
697,"(0.1, 0.44)","(0.1, 0.28)"
698,"(0.1, 0.44)","(0.1, 0.28)"
699,"(0.1, 0.44)","(0.1, 0.28)"
700,"(0.1, 0.44)","(0.1, 0.28)"
701,"(0.1, 0.44)","(0.1, 0.28)"
702,"(0.1, 0.44)","(0.1, 0.28)"
703,"(0.1, 0.44)","(0.1, 0.28)"
704,"(0.1, 0.44)","(0.1, 0.28)"
705,"(0.1, 0.44)","(0.1, 0.28)"
706,"(0.1, 0.44)","(0.1, 0.28)"
707,"(0.1, 0.44)","(0.1, 0.28)"
708,"(0.1, 0.44)","(0.1, 0.28)"
709,"(0.1, 0.44)","(0.1, 0.28)"
710,"(0.1, 0.44)","(0.1, 0.28)"
711,"(0.1, 0.44)","(0.1, 0.28)"
712,"(0.1, 0.44)","(0.1, 0.28)"
713,"(0.1, 0.44)","(0.1, 0.28)"
714,"(0.1, 0.44)","(0.1, 0.28)"
715,"(0.1, 0.44)","(0.1, 0.28)"
716,"(0.1, 0.44)","(0.1, 0.28)"
717,"(0.1, 0.44)","(0.1, 0.28)"
718,"(0.1, 0.44)","(0.1, 0.28)"
719,"(0.1, 0.44)","(0.1, 0.28)"
720,"(0.1, 0.44)","(0.1, 0.28)"
721,"(0.1, 0.44)","(0.1, 0.28)"
722,"(0.1, 0.44)","(0.1, 0.28)"
723,"(0.1, 0.44)","(0.1, 0.28)"
724,"(0.1, 0.44)","(0.1, 0.28)"
725,"(0.1, 0.44)","(0.1, 0.28)"
726,"(0.1, 0.44)","(0.1, 0.28)"
727,"(0.1, 0.38)","(0.1, 0.26)"
728,"(0.1, 0.38)","(0.1, 0.26)"
729,"(0.1, 0.38)","(0.1, 0.26)"
730,"(0.1, 0.38)","(0.1, 0.26)"
731,"(0.1, 0.32)","(0.1, 0.24)"
732,"(0.1, 0.32)","(0.1, 0.24)"
733,"(0.1, 0.38)","(0.1, 0.26)"
734,"(0.1, 0.38)","(0.1, 0.26)"
735,"(0.1, 0.38)","(0.1, 0.26)"
736,"(0.1, 0.38)","(0.1, 0.26)"
737,"(0.1, 0.38)","(0.1, 0.26)"
738,"(0.1, 0.38)","(0.1, 0.26)"
739,"(0.1, 0.38)","(0.1, 0.26)"
740,"(0.1, 0.44)","(0.1, 0.28)"
741,"(0.1, 0.44)","(0.1, 0.28)"
742,"(0.1, 0.44)","(0.1, 0.28)"
743,"(0.1, 0.44)","(0.1, 0.28)"
744,"(0.1, 0.44)","(0.1, 0.28)"
745,"(0.1, 0.44)","(0.1, 0.28)"
746,"(0.1, 0.44)","(0.1, 0.28)"
747,"(0.1, 0.44)","(0.1, 0.28)"
748,"(0.1, 0.38)","(0.1, 0.26)"
749,"(0.1, 0.38)","(0.1, 0.26)"
750,"(0.1, 0.38)","(0.1, 0.26)"
751,"(0.1, 0.44)","(0.1, 0.28)"
752,"(0.1, 0.44)","(0.1, 0.28)"
753,"(0.1, 0.44)","(0.1, 0.28)"
754,"(0.1, 0.44)","(0.1, 0.28)"
755,"(0.1, 0.44)","(0.1, 0.28)"
756,"(0.1, 0.44)","(0.1, 0.28)"
757,"(0.1, 0.44)","(0.1, 0.28)"
758,"(0.1, 0.44)","(0.1, 0.28)"
759,"(0.1, 0.44)","(0.1, 0.28)"
760,"(0.1, 0.44)","(0.1, 0.28)"
761,"(0.1, 0.44)","(0.1, 0.28)"
762,"(0.1, 0.44)","(0.1, 0.28)"
763,"(0.1, 0.44)","(0.1, 0.28)"
764,"(0.1, 0.44)","(0.1, 0.28)"
765,"(0.1, 0.44)","(0.1, 0.28)"
766,"(0.1, 0.44)","(0.1, 0.28)"
